CS,Variable,Index,PIP,Coverage,MinAbsCorr
CS1,eGFR,7,1,1,1
CS2,BMXBMI,2,0.9999999973613837,0.9999999973584335,1
CS3,DMDEDUC2,6,1,1,1
CS4,LBXSLDSI,13,0.9999999999934741,0.9999999999934708,1
CS5,Dia_BP,4,0.9999999999999367,0.9999999999999367,1
CS6,Sys_BP,18,1,1,1
CS7,RIAGENDR,17,0.9999999921675207,0.9999999921635206,1
CS8,LBXHGB,10,0.9999700783483341,0.9999700590463807,1
CS9,LBXSKSI,12,0.9996279330579666,0.9996277419252656,1
CS10,RIDAGEYR,1,0.9732048866606768,0.973204696056346,1
